<suite name="ActiTimeTests" verbose="1" >

  <test name="SmokeSuite" >    
    <classes>     
      <class name="com.selenium.tests.Login" >  
      
       <methods>
        	<include name="login_001" />       
      </methods>
      
    </class>         
    
     <class name="com.selenium.tests.Customers" >  
      
       <methods>
        	<include name="createCustomer_001" />       
      </methods>
      
    </class>         
    
    
   </classes>   
 </test> 
 
 
 
</suite>